id;city;postal_code;department
1;Horaciochester;Interactions Future Quality;Frozen hacking Home Loan Account
2;Lake Ofelia;navigating Solutions;Handcrafted Concrete Chicken Architect South Dakota
3;Turnermouth;Cambridgeshire Pants;convergence
4;North Jermaine;didactic Savings Account Producer;Chair
5;Nelsland;microchip Awesome Wooden Table Tuna;generate Berkshire invoice
6;Chaunceyport;North Dakota solution Incredible;Applications circuit hacking
7;East Kaiahaven;grow override Personal Loan Account;driver Alaska contextually-based
8;Amanifort;Human ubiquitous initiative;Personal Loan Account
9;Rosschester;Shoes;SCSI Rustic Cotton Shoes systemic
10;Lloydberg;Neck Bacon withdrawal;bus
